loan_id,reader_id,book_code,issue_date,due_date,return_date
LN00001,RD0113,BK0088,2026-04-04,2026-04-11,
LN00002,RD0065,BK0241,2026-03-25,2026-04-02,
LN00003,RD0017,BK0103,2026-03-25,2026-04-02,
LN00004,RD0148,BK0162,2026-04-08,2026-04-17,
LN00005,RD0039,BK0208,2026-03-31,2026-04-08,
LN00006,RD0064,BK0031,2026-03-23,2026-04-11,
LN00007,RD0107,BK0156,2026-04-02,2026-04-21,
LN00008,RD0134,BK0098,2026-03-26,2026-04-16,
LN00009,RD0114,BK0077,2026-03-27,2026-04-07,
LN00010,RD0146,BK0159,2026-04-08,2026-04-24,
LN00011,RD0026,BK0243,2026-04-03,2026-04-20,
LN00012,RD0055,BK0068,2026-04-07,2026-04-16,
LN00013,RD0062,BK0045,2026-03-23,2026-03-31,
LN00014,RD0041,BK0001,2026-03-27,2026-04-10,
LN00015,RD0121,BK0075,2026-04-08,2026-04-18,
LN00016,RD0074,BK0181,2026-03-31,2026-04-18,
LN00017,RD0117,BK0019,2026-04-02,2026-04-23,
LN00018,RD0068,BK0202,2026-04-03,2026-04-16,
LN00019,RD0030,BK0140,2026-04-02,2026-04-19,
LN00020,RD0039,BK0233,2026-04-01,2026-04-21,
LN00021,RD0037,BK0203,2026-04-08,2026-04-17,
LN00022,RD0079,BK0153,2026-03-31,2026-04-14,
LN00023,RD0032,BK0120,2026-03-31,2026-04-18,
LN00024,RD0104,BK0242,2026-04-01,2026-04-16,
LN00025,RD0139,BK0127,2026-03-26,2026-04-03,
LN00026,RD0011,BK0228,2026-03-27,2026-04-14,
LN00027,RD0083,BK0155,2026-04-01,2026-04-08,
LN00028,RD0024,BK0059,2026-04-09,2026-04-28,
LN00029,RD0069,BK0148,2026-04-08,2026-04-27,
LN00030,RD0045,BK0121,2026-03-24,2026-04-10,
LN00031,RD0114,BK0235,2026-04-01,2026-04-10,
LN00032,RD0150,BK0112,2026-03-25,2026-04-02,
LN00033,RD0121,BK0090,2026-03-27,2026-04-08,
LN00034,RD0083,BK0172,2026-04-06,2026-04-26,
LN00035,RD0042,BK0085,2026-03-27,2026-04-14,
LN00036,RD0127,BK0074,2026-03-28,2026-04-17,
LN00037,RD0141,BK0010,2026-03-26,2026-04-03,
LN00038,RD0081,BK0065,2026-03-30,2026-04-07,
LN00039,RD0104,BK0222,2026-03-24,2026-04-13,
LN00040,RD0001,BK0169,2026-03-23,2026-04-06,
LN00041,RD0106,BK0014,2026-04-03,2026-04-18,
LN00042,RD0093,BK0160,2026-03-25,2026-04-11,
LN00043,RD0114,BK0195,2026-04-08,2026-04-18,
LN00044,RD0069,BK0141,2026-04-05,2026-04-26,
LN00045,RD0074,BK0113,2026-03-25,2026-04-02,
LN00046,RD0008,BK0250,2026-04-02,2026-04-20,
LN00047,RD0041,BK0080,2026-03-23,2026-03-30,
LN00048,RD0142,BK0105,2026-04-07,2026-04-17,
LN00049,RD0030,BK0119,2026-04-06,2026-04-23,
LN00050,RD0040,BK0128,2026-03-31,2026-04-15,
LN00051,RD0070,BK0107,2026-03-25,2026-04-08,
LN00052,RD0063,BK0117,2026-03-23,2026-04-01,
LN00053,RD0099,BK0049,2026-03-24,2026-04-11,
LN00054,RD0035,BK0198,2026-04-07,2026-04-18,
LN00055,RD0107,BK0211,2026-03-24,2026-04-04,
LN00056,RD0001,BK0073,2026-03-31,2026-04-20,
LN00057,RD0149,BK0039,2026-03-25,2026-04-14,
LN00058,RD0115,BK0138,2026-03-25,2026-04-06,
LN00059,RD0086,BK0142,2026-03-23,2026-04-05,
LN00060,RD0117,BK0239,2026-03-30,2026-04-19,
LN00061,RD0049,BK0179,2026-04-02,2026-04-18,
LN00062,RD0099,BK0060,2026-03-27,2026-04-03,
LN00063,RD0082,BK0191,2026-03-25,2026-04-12,
LN00064,RD0098,BK0099,2026-04-05,2026-04-19,
LN00065,RD0010,BK0033,2026-03-24,2026-04-09,
LN00066,RD0085,BK0223,2026-04-06,2026-04-26,
LN00067,RD0113,BK0026,2026-03-24,2026-04-14,
LN00068,RD0117,BK0004,2026-04-05,2026-04-18,
LN00069,RD0040,BK0020,2026-03-25,2026-04-13,
LN00070,RD0068,BK0087,2026-03-28,2026-04-14,
LN00071,RD0021,BK0219,2026-03-30,2026-04-19,
LN00072,RD0137,BK0184,2026-03-30,2026-04-16,
LN00073,RD0125,BK0224,2026-03-23,2026-03-30,
LN00074,RD0018,BK0061,2026-03-31,2026-04-10,
LN00075,RD0024,BK0163,2026-04-06,2026-04-25,
LN00076,RD0026,BK0114,2026-04-04,2026-04-22,
LN00077,RD0077,BK0232,2026-04-09,2026-04-16,
LN00078,RD0084,BK0204,2026-04-08,2026-04-19,
LN00079,RD0092,BK0096,2026-03-27,2026-04-05,
LN00080,RD0063,BK0136,2026-03-27,2026-04-12,
LN00081,RD0047,BK0044,2026-03-12,2026-04-09,
LN00082,RD0098,BK0234,2026-03-08,2026-03-27,
LN00083,RD0150,BK0037,2026-03-09,2026-03-28,
LN00084,RD0066,BK0118,2026-03-07,2026-03-21,
LN00085,RD0003,BK0231,2026-02-22,2026-04-02,
LN00086,RD0140,BK0041,2026-03-19,2026-03-28,
LN00087,RD0089,BK0151,2026-03-04,2026-03-22,
LN00088,RD0109,BK0177,2026-03-07,2026-03-28,
LN00089,RD0078,BK0051,2026-02-27,2026-03-27,
LN00090,RD0028,BK0092,2026-02-27,2026-03-24,
LN00091,RD0148,BK0076,2026-03-05,2026-04-11,
LN00092,RD0102,BK0071,2026-03-23,2026-03-24,
LN00093,RD0013,BK0214,2026-02-13,2026-03-19,
LN00094,RD0074,BK0199,2026-03-09,2026-03-23,
LN00095,RD0091,BK0057,2026-02-11,2026-04-05,
LN00096,RD0065,BK0174,2026-03-15,2026-03-22,
LN00097,RD0025,BK0011,2026-02-11,2026-03-22,
LN00098,RD0080,BK0149,2026-02-23,2026-04-10,
LN00099,RD0094,BK0188,2026-03-15,2026-04-09,
LN00100,RD0076,BK0084,2026-02-25,2026-04-06,
LN00101,RD0052,BK0034,2026-02-17,2026-03-31,
LN00102,RD0136,BK0129,2026-03-06,2026-04-06,
LN00103,RD0066,BK0192,2026-02-21,2026-04-02,
LN00104,RD0087,BK0206,2026-03-16,2026-03-28,
LN00105,RD0020,BK0186,2026-03-09,2026-03-21,
LN00106,RD0102,BK0248,2026-02-16,2026-03-31,
LN00107,RD0024,BK0032,2026-02-26,2026-04-11,
LN00108,RD0117,BK0095,2026-03-07,2026-03-24,
LN00109,RD0098,BK0028,2026-02-11,2026-03-31,
LN00110,RD0060,BK0227,2026-03-22,2026-03-23,
LN00111,RD0144,BK0166,2026-02-12,2026-04-04,
LN00112,RD0017,BK0078,2026-02-22,2026-03-20,
LN00113,RD0105,BK0030,2026-03-15,2026-04-10,
LN00114,RD0010,BK0025,2026-02-20,2026-04-08,
LN00115,RD0061,BK0100,2026-02-17,2026-04-07,
LN00116,RD0117,BK0187,2026-02-17,2026-03-29,
LN00117,RD0040,BK0126,2026-02-25,2026-03-22,
LN00118,RD0105,BK0056,2026-03-06,2026-04-10,
LN00119,RD0114,BK0176,2026-03-08,2026-03-31,
LN00120,RD0095,BK0102,2026-03-01,2026-04-10,
LN00121,RD0071,BK0024,2026-03-16,2026-03-28,
LN00122,RD0055,BK0165,2026-02-11,2026-03-23,
LN00123,RD0006,BK0013,2026-03-02,2026-04-04,
LN00124,RD0033,BK0018,2026-02-15,2026-04-05,
LN00125,RD0142,BK0054,2026-02-14,2026-04-05,
LN00126,RD0060,BK0220,2026-03-14,2026-03-23,
LN00127,RD0038,BK0205,2026-02-17,2026-04-03,
LN00128,RD0045,BK0029,2026-03-22,2026-04-07,
LN00129,RD0004,BK0083,2026-03-08,2026-03-24,
LN00130,RD0005,BK0190,2026-03-07,2026-04-10,
LN00131,RD0108,BK0135,2026-03-16,2026-03-19,
LN00132,RD0017,BK0122,2026-02-23,2026-03-18,
LN00133,RD0093,BK0132,2026-02-14,2026-04-08,
LN00134,RD0116,BK0012,2026-03-09,2026-03-23,
LN00135,RD0134,BK0247,2026-02-22,2026-03-22,
LN00136,RD0008,BK0016,2026-02-21,2026-03-30,
LN00137,RD0110,BK0183,2026-03-17,2026-03-27,
LN00138,RD0114,BK0038,2026-03-18,2026-04-01,
LN00139,RD0017,BK0150,2026-03-06,2026-03-23,
LN00140,RD0141,BK0130,2026-03-03,2026-03-30,
LN00141,RD0111,BK0026,2026-02-12,2026-03-04,2026-03-04
LN00142,RD0056,BK0111,2025-11-18,2025-12-09,2025-11-28
LN00143,RD0106,BK0087,2025-11-17,2025-11-30,2025-11-26
LN00144,RD0025,BK0081,2025-11-24,2025-12-06,2025-12-01
LN00145,RD0096,BK0245,2026-02-02,2026-02-19,2026-02-19
LN00146,RD0122,BK0018,2026-02-18,2026-03-10,2026-02-23
LN00147,RD0024,BK0111,2026-02-17,2026-03-07,2026-03-03
LN00148,RD0034,BK0143,2026-02-26,2026-03-14,2026-03-09
LN00149,RD0144,BK0085,2026-02-10,2026-02-23,2026-02-18
LN00150,RD0109,BK0223,2026-02-28,2026-03-11,2026-03-07
LN00151,RD0091,BK0027,2025-10-17,2025-11-01,2025-10-23
LN00152,RD0040,BK0169,2025-11-10,2025-11-20,2025-11-14
LN00153,RD0090,BK0217,2025-10-22,2025-11-03,2025-10-26
LN00154,RD0072,BK0147,2026-01-15,2026-02-03,2026-01-31
LN00155,RD0144,BK0250,2025-10-22,2025-10-29,2025-10-29
LN00156,RD0069,BK0008,2026-01-26,2026-02-06,2026-02-02
LN00157,RD0087,BK0090,2026-03-12,2026-03-21,2026-03-21
LN00158,RD0037,BK0145,2025-12-01,2025-12-09,2025-12-05
LN00159,RD0008,BK0024,2025-10-29,2025-11-08,2025-11-07
LN00160,RD0108,BK0117,2025-12-16,2025-12-25,2025-12-21
LN00161,RD0080,BK0185,2025-12-20,2026-01-08,2025-12-25
LN00162,RD0014,BK0040,2026-02-01,2026-02-20,2026-02-05
LN00163,RD0021,BK0070,2025-11-20,2025-12-07,2025-11-29
LN00164,RD0125,BK0156,2025-11-20,2025-12-03,2025-11-27
LN00165,RD0056,BK0194,2025-11-02,2025-11-10,2025-11-07
LN00166,RD0111,BK0029,2025-12-31,2026-01-17,2026-01-13
LN00167,RD0125,BK0135,2025-12-25,2026-01-01,2025-12-29
LN00168,RD0102,BK0154,2026-02-27,2026-03-06,2026-03-03
LN00169,RD0078,BK0243,2026-01-18,2026-02-06,2026-01-25
LN00170,RD0066,BK0075,2025-12-20,2025-12-28,2025-12-23
LN00171,RD0128,BK0192,2025-11-23,2025-12-02,2025-11-27
LN00172,RD0098,BK0137,2026-01-14,2026-01-29,2026-01-25
LN00173,RD0091,BK0019,2025-12-02,2025-12-22,2025-12-06
LN00174,RD0112,BK0005,2025-11-16,2025-12-07,2025-11-21
LN00175,RD0081,BK0148,2025-11-24,2025-12-10,2025-12-03
LN00176,RD0107,BK0075,2026-02-12,2026-02-25,2026-02-15
LN00177,RD0084,BK0044,2025-11-16,2025-12-06,2025-11-30
LN00178,RD0023,BK0112,2026-02-14,2026-02-24,2026-02-23
LN00179,RD0103,BK0135,2026-02-21,2026-03-06,2026-02-28
LN00180,RD0087,BK0057,2025-12-18,2026-01-06,2025-12-26
LN00181,RD0020,BK0131,2026-02-12,2026-02-27,2026-02-23
LN00182,RD0050,BK0232,2025-12-14,2025-12-26,2025-12-19
LN00183,RD0061,BK0027,2026-02-04,2026-02-15,2026-02-10
LN00184,RD0045,BK0155,2026-02-02,2026-02-21,2026-02-07
LN00185,RD0046,BK0244,2025-11-07,2025-11-21,2025-11-19
LN00186,RD0149,BK0115,2025-10-20,2025-11-06,2025-11-02
LN00187,RD0083,BK0222,2025-12-23,2026-01-01,2025-12-29
LN00188,RD0018,BK0121,2025-11-20,2025-12-07,2025-11-27
LN00189,RD0071,BK0152,2026-02-27,2026-03-11,2026-03-10
LN00190,RD0019,BK0080,2025-11-15,2025-11-29,2025-11-18
LN00191,RD0015,BK0095,2025-12-30,2026-01-07,2026-01-07
LN00192,RD0024,BK0158,2025-11-04,2025-11-17,2025-11-14
LN00193,RD0149,BK0142,2026-03-03,2026-03-17,2026-03-15
LN00194,RD0049,BK0083,2025-11-12,2025-11-27,2025-11-17
LN00195,RD0016,BK0116,2026-02-15,2026-03-06,2026-02-28
LN00196,RD0022,BK0130,2026-01-28,2026-02-04,2026-02-01
LN00197,RD0113,BK0113,2025-10-30,2025-11-14,2025-11-11
LN00198,RD0041,BK0094,2025-12-08,2025-12-29,2025-12-20
LN00199,RD0100,BK0105,2025-12-17,2026-01-03,2025-12-29
LN00200,RD0014,BK0203,2025-12-18,2025-12-26,2025-12-23
LN00201,RD0025,BK0143,2025-12-05,2025-12-16,2025-12-12
LN00202,RD0039,BK0086,2026-02-21,2026-03-09,2026-03-06
LN00203,RD0037,BK0235,2025-12-14,2025-12-25,2025-12-23
LN00204,RD0034,BK0153,2026-02-20,2026-03-03,2026-03-03
LN00205,RD0097,BK0165,2025-12-19,2026-01-08,2025-12-26
LN00206,RD0135,BK0024,2025-11-25,2025-12-10,2025-12-03
LN00207,RD0005,BK0093,2025-12-24,2026-01-02,2025-12-28
LN00208,RD0088,BK0243,2025-11-09,2025-11-19,2025-11-15
LN00209,RD0036,BK0040,2026-02-22,2026-03-05,2026-02-26
LN00210,RD0130,BK0198,2025-10-26,2025-11-15,2025-11-14
LN00211,RD0010,BK0170,2025-12-17,2026-01-07,2025-12-24
LN00212,RD0097,BK0040,2026-01-31,2026-02-09,2026-02-09
LN00213,RD0043,BK0185,2025-11-21,2025-11-28,2025-11-27
LN00214,RD0094,BK0174,2026-01-12,2026-01-26,2026-01-24
LN00215,RD0073,BK0193,2025-11-19,2025-11-29,2025-11-25
LN00216,RD0080,BK0248,2025-11-13,2025-12-04,2025-11-22
LN00217,RD0095,BK0174,2025-10-18,2025-11-01,2025-10-28
LN00218,RD0073,BK0200,2025-12-06,2025-12-21,2025-12-17
LN00219,RD0108,BK0248,2026-01-31,2026-02-20,2026-02-09
LN00220,RD0036,BK0224,2026-01-08,2026-01-15,2026-01-14
LN00221,RD0096,BK0142,2026-02-15,2026-03-05,2026-02-21
LN00222,RD0073,BK0022,2026-01-31,2026-02-11,2026-02-10
LN00223,RD0132,BK0038,2025-11-22,2025-11-30,2025-11-26
LN00224,RD0116,BK0227,2025-12-14,2026-01-04,2025-12-17
LN00225,RD0107,BK0014,2025-12-02,2025-12-17,2025-12-10
LN00226,RD0061,BK0099,2026-02-21,2026-03-05,2026-02-27
LN00227,RD0008,BK0082,2026-02-16,2026-03-08,2026-03-01
LN00228,RD0038,BK0036,2026-03-04,2026-03-15,2026-03-14
LN00229,RD0036,BK0195,2025-11-13,2025-11-27,2025-11-25
LN00230,RD0002,BK0232,2026-02-21,2026-02-28,2026-02-26
LN00231,RD0056,BK0214,2026-02-03,2026-02-18,2026-02-17
LN00232,RD0136,BK0109,2026-02-13,2026-03-04,2026-02-25
LN00233,RD0061,BK0078,2026-02-10,2026-02-17,2026-02-14
LN00234,RD0108,BK0164,2025-11-16,2025-11-24,2025-11-19
LN00235,RD0128,BK0153,2025-10-27,2025-11-03,2025-11-03
LN00236,RD0148,BK0062,2026-02-05,2026-02-16,2026-02-14
LN00237,RD0001,BK0158,2025-12-13,2025-12-23,2025-12-22
LN00238,RD0048,BK0171,2026-02-20,2026-03-07,2026-02-28
LN00239,RD0018,BK0245,2025-10-30,2025-11-14,2025-11-10
LN00240,RD0130,BK0142,2026-03-08,2026-03-21,2026-03-18
LN00241,RD0012,BK0163,2025-12-04,2025-12-16,2025-12-11
LN00242,RD0005,BK0092,2026-02-24,2026-03-08,2026-03-02
LN00243,RD0027,BK0198,2025-10-16,2025-11-03,2025-10-29
LN00244,RD0035,BK0012,2025-12-13,2025-12-28,2025-12-21
LN00245,RD0045,BK0213,2025-11-15,2025-12-03,2025-12-03
LN00246,RD0047,BK0208,2026-02-07,2026-02-15,2026-02-15
LN00247,RD0118,BK0010,2025-12-28,2026-01-07,2025-12-31
LN00248,RD0052,BK0227,2026-03-03,2026-03-15,2026-03-10
LN00249,RD0132,BK0102,2025-10-25,2025-11-08,2025-11-01
LN00250,RD0010,BK0193,2026-01-24,2026-02-04,2026-02-01
LN00251,RD0013,BK0222,2025-12-19,2025-12-30,2025-12-23
LN00252,RD0095,BK0112,2025-12-01,2025-12-19,2025-12-18
LN00253,RD0099,BK0087,2026-01-25,2026-02-08,2026-02-08
LN00254,RD0128,BK0095,2025-11-01,2025-11-12,2025-11-05
LN00255,RD0109,BK0021,2025-11-23,2025-12-09,2025-12-09
LN00256,RD0047,BK0140,2025-12-28,2026-01-09,2026-01-01
LN00257,RD0021,BK0084,2025-12-28,2026-01-08,2026-01-07
LN00258,RD0110,BK0043,2025-11-20,2025-12-02,2025-11-30
LN00259,RD0011,BK0187,2025-12-13,2025-12-29,2025-12-22
LN00260,RD0071,BK0164,2026-02-27,2026-03-07,2026-03-07
LN00261,RD0104,BK0094,2025-11-02,2025-11-21,2025-11-10
LN00262,RD0008,BK0037,2025-11-21,2025-11-28,2025-11-25
LN00263,RD0018,BK0061,2025-12-10,2025-12-22,2025-12-19
LN00264,RD0146,BK0009,2026-02-02,2026-02-19,2026-02-12
LN00265,RD0095,BK0096,2025-11-20,2025-12-09,2025-11-25
LN00266,RD0147,BK0036,2025-10-29,2025-11-10,2025-11-07
LN00267,RD0081,BK0167,2026-01-01,2026-01-11,2026-01-05
LN00268,RD0007,BK0189,2026-01-25,2026-02-08,2026-02-05
LN00269,RD0100,BK0234,2025-10-21,2025-10-29,2025-10-26
LN00270,RD0067,BK0181,2025-11-19,2025-11-29,2025-11-26
LN00271,RD0126,BK0052,2026-02-10,2026-02-19,2026-02-19
LN00272,RD0019,BK0116,2026-01-28,2026-02-18,2026-02-14
LN00273,RD0023,BK0208,2025-12-22,2026-01-08,2025-12-30
LN00274,RD0017,BK0141,2025-10-26,2025-11-06,2025-11-02
LN00275,RD0041,BK0183,2026-01-28,2026-02-16,2026-02-11
LN00276,RD0131,BK0058,2026-02-10,2026-02-20,2026-02-15
LN00277,RD0061,BK0203,2025-11-07,2025-11-14,2025-11-12
LN00278,RD0142,BK0147,2025-12-09,2025-12-23,2025-12-20
LN00279,RD0034,BK0157,2026-02-19,2026-02-27,2026-02-24
LN00280,RD0102,BK0184,2025-11-11,2025-11-26,2025-11-20
LN00281,RD0105,BK0211,2025-10-17,2025-10-25,2025-10-21
LN00282,RD0082,BK0165,2026-02-23,2026-03-09,2026-03-05
LN00283,RD0133,BK0089,2026-02-09,2026-03-02,2026-03-01
LN00284,RD0047,BK0197,2026-02-08,2026-02-21,2026-02-19
LN00285,RD0015,BK0213,2026-02-10,2026-02-25,2026-02-15
LN00286,RD0078,BK0043,2026-01-31,2026-02-12,2026-02-06
LN00287,RD0089,BK0243,2025-11-01,2025-11-22,2025-11-13
LN00288,RD0021,BK0065,2026-01-22,2026-02-08,2026-02-02
LN00289,RD0071,BK0033,2025-12-26,2026-01-11,2026-01-06
LN00290,RD0024,BK0129,2026-01-29,2026-02-14,2026-02-10
LN00291,RD0040,BK0044,2025-12-17,2026-01-06,2025-12-21
LN00292,RD0008,BK0021,2026-03-02,2026-03-19,2026-03-17
LN00293,RD0148,BK0068,2026-01-19,2026-02-07,2026-02-04
LN00294,RD0008,BK0128,2025-10-25,2025-11-05,2025-11-01
LN00295,RD0124,BK0063,2025-11-30,2025-12-11,2025-12-10
LN00296,RD0019,BK0177,2026-02-26,2026-03-07,2026-03-04
LN00297,RD0107,BK0124,2025-11-15,2025-11-25,2025-11-23
LN00298,RD0037,BK0081,2025-12-22,2026-01-09,2026-01-05
LN00299,RD0103,BK0034,2025-12-09,2025-12-24,2025-12-20
LN00300,RD0028,BK0082,2026-01-11,2026-01-25,2026-01-15
LN00301,RD0069,BK0116,2026-01-09,2026-01-18,2026-01-12
LN00302,RD0013,BK0075,2025-12-05,2025-12-25,2025-12-21
LN00303,RD0064,BK0247,2026-02-01,2026-02-21,2026-02-14
LN00304,RD0148,BK0185,2025-12-23,2026-01-02,2025-12-28
LN00305,RD0128,BK0132,2025-11-14,2025-11-28,2025-11-21
LN00306,RD0128,BK0006,2026-02-18,2026-03-03,2026-03-01
LN00307,RD0118,BK0248,2026-01-11,2026-01-21,2026-01-19
LN00308,RD0013,BK0013,2025-12-31,2026-01-14,2026-01-12
LN00309,RD0121,BK0074,2025-10-27,2025-11-03,2025-10-30
LN00310,RD0111,BK0035,2026-01-05,2026-01-23,2026-01-19
LN00311,RD0104,BK0094,2026-03-02,2026-03-15,2026-03-05
LN00312,RD0146,BK0144,2026-01-23,2026-02-04,2026-02-03
LN00313,RD0074,BK0019,2025-12-05,2025-12-20,2025-12-15
LN00314,RD0141,BK0072,2026-02-11,2026-02-20,2026-02-14
LN00315,RD0101,BK0096,2025-12-17,2026-01-01,2025-12-25
LN00316,RD0037,BK0051,2025-11-03,2025-11-16,2025-11-14
LN00317,RD0011,BK0012,2026-03-04,2026-03-13,2026-03-12
LN00318,RD0086,BK0206,2025-11-12,2025-11-27,2025-11-22
LN00319,RD0039,BK0156,2025-11-02,2025-11-11,2025-11-07
LN00320,RD0082,BK0042,2025-12-03,2025-12-19,2025-12-17
LN00321,RD0077,BK0152,2025-12-17,2026-01-01,2025-12-28
LN00322,RD0137,BK0126,2025-10-20,2025-10-31,2025-10-30
LN00323,RD0005,BK0095,2025-12-19,2026-01-05,2025-12-23
LN00324,RD0107,BK0150,2025-12-25,2026-01-13,2025-12-28
LN00325,RD0122,BK0068,2025-10-16,2025-11-01,2025-10-22
LN00326,RD0014,BK0150,2025-11-11,2025-11-20,2025-11-18
LN00327,RD0098,BK0038,2026-01-10,2026-01-17,2026-01-17
LN00328,RD0029,BK0049,2026-03-09,2026-03-23,2026-03-17
LN00329,RD0108,BK0039,2025-11-28,2025-12-16,2025-12-07
LN00330,RD0106,BK0129,2025-11-13,2025-12-03,2025-11-17
LN00331,RD0036,BK0133,2026-01-19,2026-02-03,2026-01-27
LN00332,RD0123,BK0135,2025-12-07,2025-12-19,2025-12-12
LN00333,RD0118,BK0234,2025-10-28,2025-11-09,2025-11-08
LN00334,RD0091,BK0174,2026-01-05,2026-01-21,2026-01-15
LN00335,RD0050,BK0246,2026-01-09,2026-01-20,2026-01-20
LN00336,RD0077,BK0058,2025-12-27,2026-01-15,2026-01-08
LN00337,RD0054,BK0177,2025-11-08,2025-11-20,2025-11-18
LN00338,RD0090,BK0144,2026-01-02,2026-01-13,2026-01-06
LN00339,RD0147,BK0174,2025-10-25,2025-11-07,2025-11-03
LN00340,RD0089,BK0245,2026-02-04,2026-02-15,2026-02-07
LN00341,RD0074,BK0245,2026-02-21,2026-03-05,2026-03-03
LN00342,RD0066,BK0192,2025-11-11,2025-11-21,2025-11-17
LN00343,RD0138,BK0070,2025-10-21,2025-11-08,2025-11-01
LN00344,RD0036,BK0028,2025-10-14,2025-10-24,2025-10-20
LN00345,RD0013,BK0172,2025-10-29,2025-11-08,2025-11-04
LN00346,RD0014,BK0026,2025-11-28,2025-12-10,2025-12-08
LN00347,RD0026,BK0175,2026-02-06,2026-02-13,2026-02-13
LN00348,RD0041,BK0105,2025-11-12,2025-11-26,2025-11-25
LN00349,RD0052,BK0194,2025-12-30,2026-01-11,2026-01-06
LN00350,RD0016,BK0233,2026-02-19,2026-03-08,2026-03-03
LN00351,RD0060,BK0137,2026-03-04,2026-03-25,2026-03-12
LN00352,RD0107,BK0226,2026-01-27,2026-02-17,2026-01-31
LN00353,RD0102,BK0202,2025-11-07,2025-11-16,2025-11-15
LN00354,RD0075,BK0225,2026-03-04,2026-03-11,2026-03-09
LN00355,RD0146,BK0155,2026-02-14,2026-03-07,2026-02-27
LN00356,RD0073,BK0117,2025-10-25,2025-11-09,2025-11-04
LN00357,RD0035,BK0218,2025-11-04,2025-11-18,2025-11-11
LN00358,RD0050,BK0208,2026-02-13,2026-02-25,2026-02-18
LN00359,RD0118,BK0166,2026-01-07,2026-01-25,2026-01-15
LN00360,RD0004,BK0189,2025-12-17,2026-01-05,2025-12-29
LN00361,RD0146,BK0173,2026-01-23,2026-02-01,2026-01-30
LN00362,RD0104,BK0212,2025-11-24,2025-12-09,2025-12-02
LN00363,RD0023,BK0103,2026-02-17,2026-02-26,2026-02-21
LN00364,RD0123,BK0083,2026-01-09,2026-01-16,2026-01-14
LN00365,RD0099,BK0061,2025-11-19,2025-12-08,2025-11-30
LN00366,RD0085,BK0078,2025-10-15,2025-11-02,2025-10-18
LN00367,RD0067,BK0168,2025-12-11,2025-12-29,2025-12-21
LN00368,RD0016,BK0171,2026-02-11,2026-02-25,2026-02-18
LN00369,RD0041,BK0104,2025-11-05,2025-11-26,2025-11-17
LN00370,RD0031,BK0164,2025-12-28,2026-01-09,2026-01-09
LN00371,RD0057,BK0057,2026-02-07,2026-02-21,2026-02-12
LN00372,RD0117,BK0192,2025-12-08,2025-12-21,2025-12-19
LN00373,RD0121,BK0194,2025-10-27,2025-11-15,2025-11-05
LN00374,RD0064,BK0175,2026-02-21,2026-03-08,2026-03-03
LN00375,RD0136,BK0181,2025-12-11,2025-12-19,2025-12-18
LN00376,RD0029,BK0016,2025-10-24,2025-11-14,2025-11-12
LN00377,RD0052,BK0147,2025-10-27,2025-11-05,2025-10-31
LN00378,RD0084,BK0219,2025-10-31,2025-11-14,2025-11-04
LN00379,RD0053,BK0184,2025-10-15,2025-10-29,2025-10-19
LN00380,RD0131,BK0115,2026-02-27,2026-03-13,2026-03-04
LN00381,RD0132,BK0107,2025-11-17,2025-12-03,2025-11-20
LN00382,RD0144,BK0119,2025-12-25,2026-01-12,2025-12-28
LN00383,RD0102,BK0066,2026-03-13,2026-03-31,2026-03-22
LN00384,RD0149,BK0019,2026-03-02,2026-03-15,2026-03-10
LN00385,RD0017,BK0139,2026-02-26,2026-03-19,2026-03-03
LN00386,RD0121,BK0009,2025-12-30,2026-01-12,2026-01-04
LN00387,RD0035,BK0197,2025-11-26,2025-12-08,2025-12-05
LN00388,RD0115,BK0223,2025-12-07,2025-12-20,2025-12-11
LN00389,RD0139,BK0035,2025-12-14,2025-12-22,2025-12-18
LN00390,RD0138,BK0101,2025-10-29,2025-11-07,2025-11-06
LN00391,RD0058,BK0214,2026-03-13,2026-04-01,2026-03-16
LN00392,RD0077,BK0119,2025-10-25,2025-11-07,2025-11-05
LN00393,RD0098,BK0211,2026-01-14,2026-01-24,2026-01-24
LN00394,RD0089,BK0040,2026-01-02,2026-01-12,2026-01-06
LN00395,RD0009,BK0208,2025-11-26,2025-12-12,2025-12-11
LN00396,RD0005,BK0062,2026-01-20,2026-01-28,2026-01-23
LN00397,RD0009,BK0115,2026-03-01,2026-03-11,2026-03-04
LN00398,RD0103,BK0113,2026-01-13,2026-01-28,2026-01-19
LN00399,RD0015,BK0036,2025-11-05,2025-11-16,2025-11-11
LN00400,RD0148,BK0082,2025-10-17,2025-11-02,2025-11-01
LN00401,RD0083,BK0061,2025-12-16,2025-12-25,2026-01-16
LN00402,RD0134,BK0057,2025-11-18,2025-11-29,2025-12-08
LN00403,RD0016,BK0143,2025-10-03,2025-10-12,2025-11-02
LN00404,RD0110,BK0143,2025-10-28,2025-11-04,2025-11-16
LN00405,RD0098,BK0202,2025-10-20,2025-11-01,2025-11-24
LN00406,RD0107,BK0105,2026-01-24,2026-02-04,2026-02-17
LN00407,RD0048,BK0194,2025-10-17,2025-10-31,2025-11-08
LN00408,RD0058,BK0077,2026-01-26,2026-02-09,2026-03-11
LN00409,RD0015,BK0144,2025-11-18,2025-12-01,2025-12-19
LN00410,RD0136,BK0035,2025-11-24,2025-12-04,2025-12-13
LN00411,RD0053,BK0085,2026-02-11,2026-02-25,2026-03-25
LN00412,RD0095,BK0024,2025-10-17,2025-10-27,2025-10-29
LN00413,RD0069,BK0097,2025-09-30,2025-10-07,2025-11-04
LN00414,RD0019,BK0049,2025-10-04,2025-10-14,2025-10-30
LN00415,RD0054,BK0223,2025-12-08,2025-12-19,2026-01-18
LN00416,RD0004,BK0055,2026-01-14,2026-01-22,2026-02-15
LN00417,RD0123,BK0235,2025-12-31,2026-01-10,2026-01-23
LN00418,RD0062,BK0142,2025-12-11,2025-12-22,2026-01-04
LN00419,RD0120,BK0137,2025-12-02,2025-12-13,2025-12-22
LN00420,RD0093,BK0132,2025-10-27,2025-11-10,2025-11-14
LN00421,RD0121,BK0195,2025-12-12,2025-12-22,2026-01-03
LN00422,RD0081,BK0106,2026-02-20,2026-03-02,2026-03-26
LN00423,RD0038,BK0005,2025-12-27,2026-01-09,2026-01-19
LN00424,RD0040,BK0051,2025-12-09,2025-12-19,2026-01-01
LN00425,RD0146,BK0214,2025-12-31,2026-01-14,2026-02-01
LN00426,RD0087,BK0066,2025-10-29,2025-11-12,2025-11-27
LN00427,RD0044,BK0188,2025-12-03,2025-12-12,2025-12-17
LN00428,RD0140,BK0126,2026-01-15,2026-01-22,2026-02-08
LN00429,RD0009,BK0215,2026-02-12,2026-02-19,2026-03-16
LN00430,RD0002,BK0106,2026-01-27,2026-02-06,2026-02-09
LN00431,RD0039,BK0003,2026-01-07,2026-01-21,2026-02-02
LN00432,RD0016,BK0159,2025-09-27,2025-10-11,2025-11-02
LN00433,RD0125,BK0005,2026-03-02,2026-03-15,2026-03-16
LN00434,RD0005,BK0136,2025-12-23,2026-01-03,2026-01-04
LN00435,RD0129,BK0209,2025-11-13,2025-11-22,2025-11-26
LN00436,RD0025,BK0135,2026-01-24,2026-02-03,2026-02-10
LN00437,RD0135,BK0065,2025-12-03,2025-12-14,2026-01-09
LN00438,RD0102,BK0021,2025-11-28,2025-12-11,2025-12-26
LN00439,RD0145,BK0063,2026-01-05,2026-01-16,2026-02-07
LN00440,RD0021,BK0168,2026-02-23,2026-03-03,2026-03-16
LN00441,RD0098,BK0097,2025-10-13,2025-10-27,2025-10-29
LN00442,RD0003,BK0180,2026-01-19,2026-01-27,2026-02-12
LN00443,RD0112,BK0166,2025-12-09,2025-12-17,2026-01-15
LN00444,RD0136,BK0236,2026-02-21,2026-03-03,2026-03-10
LN00445,RD0146,BK0122,2025-12-24,2025-12-31,2026-01-30
LN00446,RD0020,BK0176,2025-12-22,2025-12-29,2026-01-04
LN00447,RD0081,BK0005,2026-01-09,2026-01-18,2026-02-12
LN00448,RD0102,BK0238,2026-02-12,2026-02-23,2026-03-01
LN00449,RD0145,BK0062,2025-10-09,2025-10-22,2025-11-13
LN00450,RD0139,BK0085,2025-11-25,2025-12-04,2025-12-30
LN00451,RD0021,BK0129,2025-12-05,2025-12-12,2025-12-16
LN00452,RD0112,BK0060,2026-02-12,2026-02-24,2026-03-16
LN00453,RD0102,BK0249,2025-12-10,2025-12-17,2026-01-07
LN00454,RD0070,BK0201,2025-11-08,2025-11-22,2025-11-30
LN00455,RD0092,BK0142,2025-11-27,2025-12-10,2025-12-16
LN00456,RD0150,BK0170,2025-11-26,2025-12-04,2025-12-29
LN00457,RD0076,BK0205,2025-12-30,2026-01-07,2026-01-10
LN00458,RD0069,BK0040,2025-11-26,2025-12-05,2025-12-29
LN00459,RD0100,BK0082,2025-12-01,2025-12-09,2025-12-12
LN00460,RD0002,BK0242,2025-12-15,2025-12-29,2026-01-10
LN00461,RD0070,BK0027,2026-01-29,2026-02-06,2026-02-12
LN00462,RD0111,BK0115,2025-10-12,2025-10-25,2025-10-29
LN00463,RD0007,BK0023,2025-12-03,2025-12-11,2025-12-31
LN00464,RD0084,BK0222,2025-11-25,2025-12-02,2025-12-12
LN00465,RD0106,BK0100,2026-02-10,2026-02-20,2026-03-11
LN00466,RD0134,BK0044,2025-11-26,2025-12-05,2025-12-10
LN00467,RD0069,BK0078,2025-12-25,2026-01-08,2026-01-13
LN00468,RD0017,BK0043,2025-11-12,2025-11-23,2025-12-07
LN00469,RD0077,BK0124,2026-02-12,2026-02-24,2026-03-05
LN00470,RD0064,BK0185,2025-09-24,2025-10-08,2025-10-28
LN00471,RD0051,BK0118,2026-02-04,2026-02-13,2026-02-23
LN00472,RD0002,BK0243,2025-11-22,2025-12-04,2025-12-31
LN00473,RD0098,BK0206,2025-12-09,2025-12-23,2026-01-03
LN00474,RD0111,BK0209,2025-10-02,2025-10-11,2025-10-21
LN00475,RD0083,BK0155,2026-01-11,2026-01-25,2026-02-05
LN00476,RD0046,BK0247,2025-11-22,2025-12-04,2025-12-14
LN00477,RD0126,BK0248,2025-10-07,2025-10-17,2025-10-28
LN00478,RD0097,BK0072,2025-11-23,2025-12-05,2025-12-09
LN00479,RD0145,BK0052,2025-10-03,2025-10-12,2025-11-03
LN00480,RD0141,BK0007,2025-11-05,2025-11-15,2025-11-30
LN00481,RD0075,BK0213,2026-02-14,2026-02-27,2026-03-21
LN00482,RD0128,BK0036,2025-12-16,2025-12-26,2026-01-04
LN00483,RD0040,BK0184,2025-11-15,2025-11-28,2025-12-01
LN00484,RD0115,BK0154,2025-11-01,2025-11-14,2025-12-02
LN00485,RD0130,BK0237,2025-11-16,2025-11-23,2025-12-19
LN00486,RD0093,BK0180,2025-10-17,2025-10-25,2025-10-29
LN00487,RD0064,BK0169,2025-12-03,2025-12-12,2026-01-02
LN00488,RD0012,BK0145,2025-11-21,2025-12-03,2025-12-29
LN00489,RD0111,BK0028,2026-03-01,2026-03-09,2026-03-18
LN00490,RD0057,BK0131,2025-10-22,2025-11-01,2025-11-16
LN00491,RD0096,BK0101,2025-11-05,2025-11-14,2025-11-26
LN00492,RD0007,BK0124,2026-02-05,2026-02-16,2026-03-02
LN00493,RD0022,BK0030,2026-01-26,2026-02-07,2026-02-17
LN00494,RD0088,BK0117,2026-01-10,2026-01-24,2026-02-05
LN00495,RD0122,BK0025,2025-11-11,2025-11-25,2025-12-06
LN00496,RD0018,BK0077,2026-02-20,2026-02-28,2026-03-01
LN00497,RD0088,BK0166,2026-02-04,2026-02-13,2026-03-15
LN00498,RD0063,BK0133,2026-01-18,2026-01-27,2026-02-07
LN00499,RD0144,BK0110,2025-11-05,2025-11-15,2025-12-11
LN00500,RD0104,BK0162,2026-01-15,2026-01-24,2026-02-14
LN00501,RD0111,BK0102,2026-02-24,2026-03-06,2026-03-21
LN00502,RD0110,BK0100,2026-03-02,2026-03-12,2026-03-19
LN00503,RD0072,BK0193,2026-02-15,2026-02-23,2026-03-21
LN00504,RD0138,BK0048,2025-11-30,2025-12-12,2025-12-19
LN00505,RD0118,BK0030,2025-12-26,2026-01-09,2026-01-26
LN00506,RD0081,BK0153,2025-11-24,2025-12-07,2025-12-26
LN00507,RD0030,BK0090,2025-12-03,2025-12-17,2026-01-06
LN00508,RD0045,BK0209,2025-12-17,2025-12-25,2026-01-16
LN00509,RD0035,BK0081,2026-02-01,2026-02-11,2026-02-21
LN00510,RD0030,BK0047,2025-11-28,2025-12-07,2025-12-24
LN00511,RD0100,BK0108,2025-10-02,2025-10-11,2025-10-30
LN00512,RD0099,BK0109,2026-01-15,2026-01-29,2026-02-19
LN00513,RD0138,BK0178,2026-01-18,2026-01-27,2026-02-12
LN00514,RD0074,BK0036,2026-01-15,2026-01-27,2026-02-23
LN00515,RD0116,BK0159,2026-02-18,2026-03-02,2026-03-03
LN00516,RD0125,BK0035,2026-01-13,2026-01-26,2026-02-13
LN00517,RD0130,BK0168,2025-10-28,2025-11-10,2025-12-02
LN00518,RD0126,BK0107,2025-11-10,2025-11-24,2025-11-30
LN00519,RD0022,BK0145,2026-02-24,2026-03-06,2026-03-16
LN00520,RD0009,BK0071,2026-01-05,2026-01-16,2026-01-22
LN00521,RD0118,BK0145,2025-10-28,2025-11-05,2025-11-24
LN00522,RD0030,BK0069,2025-10-15,2025-10-27,2025-11-14
LN00523,RD0011,BK0195,2025-11-11,2025-11-21,2025-12-05
LN00524,RD0027,BK0189,2025-12-30,2026-01-10,2026-02-07
LN00525,RD0009,BK0116,2025-12-26,2026-01-07,2026-02-04
LN00526,RD0023,BK0113,2026-02-01,2026-02-11,2026-02-18
LN00527,RD0090,BK0221,2025-09-28,2025-10-11,2025-10-17
LN00528,RD0036,BK0201,2026-01-10,2026-01-20,2026-02-15
LN00529,RD0016,BK0146,2025-12-04,2025-12-15,2026-01-04
LN00530,RD0138,BK0044,2025-12-11,2025-12-22,2026-01-01
LN00531,RD0147,BK0069,2025-10-23,2025-10-31,2025-11-05
LN00532,RD0106,BK0236,2026-02-16,2026-02-27,2026-03-27
LN00533,RD0033,BK0180,2026-01-29,2026-02-08,2026-02-13
LN00534,RD0083,BK0213,2025-12-30,2026-01-12,2026-01-28
LN00535,RD0037,BK0148,2025-12-25,2026-01-07,2026-01-20
LN00536,RD0116,BK0020,2026-02-08,2026-02-21,2026-03-10
LN00537,RD0072,BK0178,2025-11-29,2025-12-13,2025-12-29
LN00538,RD0084,BK0149,2026-03-03,2026-03-11,2026-04-04
LN00539,RD0118,BK0163,2025-12-02,2025-12-10,2026-01-05
LN00540,RD0137,BK0102,2026-01-07,2026-01-20,2026-02-16
LN00541,RD0055,BK0127,2025-12-25,2026-01-06,2026-02-02
LN00542,RD0073,BK0087,2025-10-14,2025-10-23,2025-11-11
LN00543,RD0125,BK0202,2025-12-06,2025-12-13,2025-12-15
LN00544,RD0026,BK0161,2025-11-06,2025-11-13,2025-11-17
LN00545,RD0041,BK0113,2025-11-07,2025-11-14,2025-11-28
LN00546,RD0052,BK0177,2026-01-29,2026-02-09,2026-02-15
LN00547,RD0071,BK0024,2025-12-01,2025-12-12,2025-12-15
LN00548,RD0096,BK0171,2026-01-20,2026-01-27,2026-02-09
LN00549,RD0079,BK0186,2026-01-03,2026-01-16,2026-02-06
LN00550,RD0024,BK0181,2026-02-07,2026-02-14,2026-02-21
LN00551,RD0123,BK0020,2026-01-29,2026-02-08,2026-02-25
LN00552,RD0114,BK0003,2026-03-01,2026-03-13,2026-04-09
LN00553,RD0031,BK0221,2025-11-15,2025-11-24,2025-12-10
LN00554,RD0019,BK0059,2025-11-25,2025-12-03,2025-12-27
LN00555,RD0027,BK0027,2025-12-13,2025-12-25,2026-01-23
LN00556,RD0077,BK0036,2025-11-26,2025-12-05,2025-12-26
LN00557,RD0037,BK0018,2025-10-19,2025-10-26,2025-11-15
LN00558,RD0043,BK0113,2025-12-04,2025-12-14,2026-01-04
LN00559,RD0039,BK0236,2025-11-18,2025-12-02,2025-12-30
LN00560,RD0056,BK0023,2026-02-06,2026-02-15,2026-03-12
LN00561,RD0032,BK0151,2025-11-25,2025-12-07,2025-12-21
LN00562,RD0081,BK0203,2026-01-27,2026-02-06,2026-02-15
LN00563,RD0022,BK0064,2025-10-13,2025-10-24,2025-11-18
LN00564,RD0007,BK0218,2025-12-16,2025-12-26,2026-01-12
LN00565,RD0131,BK0049,2025-11-23,2025-12-04,2025-12-25
LN00566,RD0014,BK0201,2026-01-01,2026-01-15,2026-01-28
LN00567,RD0029,BK0062,2025-10-27,2025-11-04,2025-11-21
LN00568,RD0004,BK0093,2025-12-12,2025-12-21,2026-01-03
LN00569,RD0146,BK0108,2025-11-30,2025-12-09,2026-01-03
LN00570,RD0121,BK0245,2026-02-13,2026-02-20,2026-03-11
LN00571,RD0018,BK0004,2025-12-26,2026-01-05,2026-01-07
LN00572,RD0016,BK0243,2025-11-22,2025-12-03,2025-12-24
LN00573,RD0129,BK0197,2025-11-17,2025-11-30,2025-12-23
LN00574,RD0103,BK0022,2025-10-17,2025-10-26,2025-11-04
LN00575,RD0022,BK0080,2026-02-11,2026-02-21,2026-03-19
LN00576,RD0040,BK0138,2025-12-10,2025-12-23,2026-01-11
LN00577,RD0017,BK0080,2025-11-12,2025-11-22,2025-11-24
LN00578,RD0063,BK0023,2025-11-12,2025-11-20,2025-12-05
LN00579,RD0015,BK0080,2026-01-18,2026-01-26,2026-01-27
LN00580,RD0036,BK0180,2026-03-01,2026-03-10,2026-03-26
LN00581,RD0089,BK0134,2025-10-22,2025-11-02,2025-11-08
LN00582,RD0096,BK0033,2025-12-25,2026-01-02,2026-01-27
LN00583,RD0008,BK0086,2025-11-14,2025-11-25,2025-12-12
LN00584,RD0017,BK0068,2025-10-07,2025-10-15,2025-10-31
LN00585,RD0117,BK0131,2025-12-01,2025-12-08,2025-12-24
LN00586,RD0146,BK0043,2025-11-29,2025-12-08,2025-12-17
LN00587,RD0027,BK0229,2025-10-08,2025-10-16,2025-10-24
LN00588,RD0131,BK0001,2026-02-20,2026-02-27,2026-03-07
LN00589,RD0012,BK0121,2025-11-30,2025-12-13,2026-01-12
LN00590,RD0039,BK0046,2026-02-22,2026-03-07,2026-03-15
LN00591,RD0083,BK0064,2025-11-17,2025-11-29,2025-12-08
LN00592,RD0020,BK0147,2025-11-28,2025-12-06,2025-12-23
LN00593,RD0014,BK0046,2026-01-05,2026-01-12,2026-01-25
LN00594,RD0018,BK0225,2025-11-04,2025-11-15,2025-12-10
LN00595,RD0080,BK0084,2026-02-09,2026-02-23,2026-02-24
LN00596,RD0095,BK0052,2025-12-19,2025-12-30,2026-01-23
LN00597,RD0063,BK0119,2025-11-29,2025-12-13,2026-01-07
LN00598,RD0051,BK0188,2025-10-15,2025-10-25,2025-10-30
LN00599,RD0002,BK0239,2025-11-19,2025-11-26,2025-12-04
LN00600,RD0139,BK0089,2026-03-01,2026-03-13,2026-03-14
